Time (absolute),Level,Robot name,Process,Hostname,Host Identity,Message
2026-08-17 03:26:00.185,Info,robo1-unattended,Performer,DESKTOP-BU4TF7U,DESKTOP-BU4TF7U\ahmed,Performer execution started
2026-08-17 03:26:00.249,Info,robo1-unattended,Performer,DESKTOP-BU4TF7U,DESKTOP-BU4TF7U\ahmed,The primary screen resolution is: 1536 x 864
2026-08-17 03:26:05.992,Info,robo1-unattended,Performer,DESKTOP-BU4TF7U,DESKTOP-BU4TF7U\ahmed,Healing agent analysis and recovery are enabled for current job.
2026-08-17 03:26:19.114,Info,robo1-unattended,Performer,DESKTOP-BU4TF7U,DESKTOP-BU4TF7U\ahmed,Get the transaction item
2026-08-17 03:26:22.552,Info,robo1-unattended,Performer,DESKTOP-BU4TF7U,DESKTOP-BU4TF7U\ahmed,Transaction Started
2026-08-17 03:26:22.554,Info,robo1-unattended,Performer,DESKTOP-BU4TF7U,DESKTOP-BU4TF7U\ahmed,"Id: 835313473 | Reference:  | SpecificContent: WIID=110707184, Description=Calculate Client Security Hash, Type=WI5, Status=Open, Date=2026-06-29, ClientID=BA92200, ClientName=Mayra Monzon, ClientCountry=France"
2026-08-17 03:26:22.562,Info,robo1-unattended,Performer,DESKTOP-BU4TF7U,DESKTOP-BU4TF7U\ahmed,Processing Transaction Number: 1
2026-08-17 03:26:22.595,Info,robo1-unattended,Performer,DESKTOP-BU4TF7U,DESKTOP-BU4TF7U\ahmed,Started Process
2026-08-17 03:26:34.595,Info,robo1-unattended,Performer,DESKTOP-BU4TF7U,DESKTOP-BU4TF7U\ahmed,Transaction Ended
2026-08-17 03:26:34.597,Info,robo1-unattended,Performer,DESKTOP-BU4TF7U,DESKTOP-BU4TF7U\ahmed,Transaction Successful.
2026-08-17 03:26:34.603,Info,robo1-unattended,Performer,DESKTOP-BU4TF7U,DESKTOP-BU4TF7U\ahmed,Get the transaction item
2026-08-17 03:26:34.795,Info,robo1-unattended,Performer,DESKTOP-BU4TF7U,DESKTOP-BU4TF7U\ahmed,Transaction Started
2026-08-17 03:26:34.795,Info,robo1-unattended,Performer,DESKTOP-BU4TF7U,DESKTOP-BU4TF7U\ahmed,"Id: 835313474 | Reference:  | SpecificContent: WIID=110707181, Description=Calculate Client Security Hash, Type=WI5, Status=Open, Date=2020-08-07, ClientID=AD55686, ClientName=Digna Buffaloe, ClientCountry=Germany"
2026-08-17 03:26:34.796,Info,robo1-unattended,Performer,DESKTOP-BU4TF7U,DESKTOP-BU4TF7U\ahmed,Processing Transaction Number: 2
2026-08-17 03:26:34.797,Info,robo1-unattended,Performer,DESKTOP-BU4TF7U,DESKTOP-BU4TF7U\ahmed,Started Process
2026-08-17 03:26:44.146,Info,robo1-unattended,Performer,DESKTOP-BU4TF7U,DESKTOP-BU4TF7U\ahmed,Transaction Ended
2026-08-17 03:26:44.147,Info,robo1-unattended,Performer,DESKTOP-BU4TF7U,DESKTOP-BU4TF7U\ahmed,Transaction Successful.
2026-08-17 03:26:44.148,Info,robo1-unattended,Performer,DESKTOP-BU4TF7U,DESKTOP-BU4TF7U\ahmed,Get the transaction item
2026-08-17 03:26:44.340,Info,robo1-unattended,Performer,DESKTOP-BU4TF7U,DESKTOP-BU4TF7U\ahmed,Transaction Started
2026-08-17 03:26:44.340,Info,robo1-unattended,Performer,DESKTOP-BU4TF7U,DESKTOP-BU4TF7U\ahmed,"Id: 835313475 | Reference:  | SpecificContent: WIID=110707179, Description=Calculate Client Security Hash, Type=WI5, Status=Open, Date=2024-12-04, ClientID=CX76110, ClientName=Mirian Derosier, ClientCountry=Germany"
2026-08-17 03:26:44.342,Info,robo1-unattended,Performer,DESKTOP-BU4TF7U,DESKTOP-BU4TF7U\ahmed,Processing Transaction Number: 3
2026-08-17 03:26:44.343,Info,robo1-unattended,Performer,DESKTOP-BU4TF7U,DESKTOP-BU4TF7U\ahmed,Started Process
2026-08-17 03:26:53.975,Info,robo1-unattended,Performer,DESKTOP-BU4TF7U,DESKTOP-BU4TF7U\ahmed,Transaction Ended
2026-08-17 03:26:53.975,Info,robo1-unattended,Performer,DESKTOP-BU4TF7U,DESKTOP-BU4TF7U\ahmed,Transaction Successful.
2026-08-17 03:26:53.976,Info,robo1-unattended,Performer,DESKTOP-BU4TF7U,DESKTOP-BU4TF7U\ahmed,Get the transaction item
2026-08-17 03:26:54.183,Info,robo1-unattended,Performer,DESKTOP-BU4TF7U,DESKTOP-BU4TF7U\ahmed,Transaction Started
2026-08-17 03:26:54.183,Info,robo1-unattended,Performer,DESKTOP-BU4TF7U,DESKTOP-BU4TF7U\ahmed,"Id: 835313476 | Reference:  | SpecificContent: WIID=110707183, Description=Calculate Client Security Hash, Type=WI5, Status=Open, Date=2019-11-10, ClientID=DB83622, ClientName=Wilson Gau, ClientCountry=Italy"
2026-08-17 03:26:54.184,Info,robo1-unattended,Performer,DESKTOP-BU4TF7U,DESKTOP-BU4TF7U\ahmed,Processing Transaction Number: 4
2026-08-17 03:26:54.185,Info,robo1-unattended,Performer,DESKTOP-BU4TF7U,DESKTOP-BU4TF7U\ahmed,Started Process
2026-08-17 03:27:03.065,Info,robo1-unattended,Performer,DESKTOP-BU4TF7U,DESKTOP-BU4TF7U\ahmed,Transaction Ended
2026-08-17 03:27:03.066,Info,robo1-unattended,Performer,DESKTOP-BU4TF7U,DESKTOP-BU4TF7U\ahmed,Transaction Successful.
2026-08-17 03:27:03.067,Info,robo1-unattended,Performer,DESKTOP-BU4TF7U,DESKTOP-BU4TF7U\ahmed,Get the transaction item
2026-08-17 03:27:03.249,Info,robo1-unattended,Performer,DESKTOP-BU4TF7U,DESKTOP-BU4TF7U\ahmed,Transaction Started
2026-08-17 03:27:03.250,Info,robo1-unattended,Performer,DESKTOP-BU4TF7U,DESKTOP-BU4TF7U\ahmed,"Id: 835313477 | Reference:  | SpecificContent: WIID=110707177, Description=Calculate Client Security Hash, Type=WI5, Status=Open, Date=2024-08-03, ClientID=EU67601, ClientName=Floy Shedd, ClientCountry=France"
2026-08-17 03:27:03.251,Info,robo1-unattended,Performer,DESKTOP-BU4TF7U,DESKTOP-BU4TF7U\ahmed,Processing Transaction Number: 5
2026-08-17 03:27:03.252,Info,robo1-unattended,Performer,DESKTOP-BU4TF7U,DESKTOP-BU4TF7U\ahmed,Started Process
2026-08-17 03:27:12.301,Info,robo1-unattended,Performer,DESKTOP-BU4TF7U,DESKTOP-BU4TF7U\ahmed,Transaction Ended
2026-08-17 03:27:12.301,Info,robo1-unattended,Performer,DESKTOP-BU4TF7U,DESKTOP-BU4TF7U\ahmed,Transaction Successful.
2026-08-17 03:27:12.302,Info,robo1-unattended,Performer,DESKTOP-BU4TF7U,DESKTOP-BU4TF7U\ahmed,Get the transaction item
2026-08-17 03:27:12.493,Info,robo1-unattended,Performer,DESKTOP-BU4TF7U,DESKTOP-BU4TF7U\ahmed,Transaction Started
2026-08-17 03:27:12.493,Info,robo1-unattended,Performer,DESKTOP-BU4TF7U,DESKTOP-BU4TF7U\ahmed,"Id: 835313478 | Reference:  | SpecificContent: WIID=110707180, Description=Calculate Client Security Hash, Type=WI5, Status=Open, Date=2018-12-19, ClientID=FY17206, ClientName=Bradford Cleaver, ClientCountry=Romania"
2026-08-17 03:27:12.494,Info,robo1-unattended,Performer,DESKTOP-BU4TF7U,DESKTOP-BU4TF7U\ahmed,Processing Transaction Number: 6
2026-08-17 03:27:12.495,Info,robo1-unattended,Performer,DESKTOP-BU4TF7U,DESKTOP-BU4TF7U\ahmed,Started Process
2026-08-17 03:27:21.899,Info,robo1-unattended,Performer,DESKTOP-BU4TF7U,DESKTOP-BU4TF7U\ahmed,Transaction Ended
2026-08-17 03:27:21.899,Info,robo1-unattended,Performer,DESKTOP-BU4TF7U,DESKTOP-BU4TF7U\ahmed,Transaction Successful.
2026-08-17 03:27:21.901,Info,robo1-unattended,Performer,DESKTOP-BU4TF7U,DESKTOP-BU4TF7U\ahmed,Get the transaction item
2026-08-17 03:27:22.076,Info,robo1-unattended,Performer,DESKTOP-BU4TF7U,DESKTOP-BU4TF7U\ahmed,Transaction Started
2026-08-17 03:27:22.076,Info,robo1-unattended,Performer,DESKTOP-BU4TF7U,DESKTOP-BU4TF7U\ahmed,"Id: 835313479 | Reference:  | SpecificContent: WIID=110707182, Description=Calculate Client Security Hash, Type=WI5, Status=Open, Date=2026-03-29, ClientID=DR69832, ClientName=Ewa Alcantar, ClientCountry=Germany"
2026-08-17 03:27:22.077,Info,robo1-unattended,Performer,DESKTOP-BU4TF7U,DESKTOP-BU4TF7U\ahmed,Processing Transaction Number: 7
2026-08-17 03:27:22.077,Info,robo1-unattended,Performer,DESKTOP-BU4TF7U,DESKTOP-BU4TF7U\ahmed,Started Process
2026-08-17 03:27:30.884,Info,robo1-unattended,Performer,DESKTOP-BU4TF7U,DESKTOP-BU4TF7U\ahmed,Transaction Ended
2026-08-17 03:27:30.884,Info,robo1-unattended,Performer,DESKTOP-BU4TF7U,DESKTOP-BU4TF7U\ahmed,Transaction Successful.
2026-08-17 03:27:30.885,Info,robo1-unattended,Performer,DESKTOP-BU4TF7U,DESKTOP-BU4TF7U\ahmed,Get the transaction item
2026-08-17 03:27:31.084,Info,robo1-unattended,Performer,DESKTOP-BU4TF7U,DESKTOP-BU4TF7U\ahmed,Transaction Started
2026-08-17 03:27:31.084,Info,robo1-unattended,Performer,DESKTOP-BU4TF7U,DESKTOP-BU4TF7U\ahmed,"Id: 835313480 | Reference:  | SpecificContent: WIID=110707185, Description=Calculate Client Security Hash, Type=WI5, Status=Open, Date=2022-09-17, ClientID=UK18656, ClientName=Raymond Crider, ClientCountry=France"
2026-08-17 03:27:31.085,Info,robo1-unattended,Performer,DESKTOP-BU4TF7U,DESKTOP-BU4TF7U\ahmed,Processing Transaction Number: 8
2026-08-17 03:27:31.086,Info,robo1-unattended,Performer,DESKTOP-BU4TF7U,DESKTOP-BU4TF7U\ahmed,Started Process
2026-08-17 03:27:39.992,Info,robo1-unattended,Performer,DESKTOP-BU4TF7U,DESKTOP-BU4TF7U\ahmed,Transaction Ended
2026-08-17 03:27:39.992,Info,robo1-unattended,Performer,DESKTOP-BU4TF7U,DESKTOP-BU4TF7U\ahmed,Transaction Successful.
2026-08-17 03:27:39.994,Info,robo1-unattended,Performer,DESKTOP-BU4TF7U,DESKTOP-BU4TF7U\ahmed,Get the transaction item
2026-08-17 03:27:40.258,Info,robo1-unattended,Performer,DESKTOP-BU4TF7U,DESKTOP-BU4TF7U\ahmed,Transaction Started
2026-08-17 03:27:40.258,Info,robo1-unattended,Performer,DESKTOP-BU4TF7U,DESKTOP-BU4TF7U\ahmed,"Id: 835313481 | Reference:  | SpecificContent: WIID=110707176, Description=Calculate Client Security Hash, Type=WI5, Status=Open, Date=2017-09-02, ClientID=QS86336, ClientName=Donn Chabot, ClientCountry=Germany"
2026-08-17 03:27:40.259,Info,robo1-unattended,Performer,DESKTOP-BU4TF7U,DESKTOP-BU4TF7U\ahmed,Processing Transaction Number: 9
2026-08-17 03:27:40.259,Info,robo1-unattended,Performer,DESKTOP-BU4TF7U,DESKTOP-BU4TF7U\ahmed,Started Process
2026-08-17 03:27:49.508,Info,robo1-unattended,Performer,DESKTOP-BU4TF7U,DESKTOP-BU4TF7U\ahmed,Transaction Ended
2026-08-17 03:27:49.508,Info,robo1-unattended,Performer,DESKTOP-BU4TF7U,DESKTOP-BU4TF7U\ahmed,Transaction Successful.
2026-08-17 03:27:49.509,Info,robo1-unattended,Performer,DESKTOP-BU4TF7U,DESKTOP-BU4TF7U\ahmed,Get the transaction item
2026-08-17 03:27:49.682,Info,robo1-unattended,Performer,DESKTOP-BU4TF7U,DESKTOP-BU4TF7U\ahmed,Transaction Started
2026-08-17 03:27:49.682,Info,robo1-unattended,Performer,DESKTOP-BU4TF7U,DESKTOP-BU4TF7U\ahmed,"Id: 835313482 | Reference:  | SpecificContent: WIID=110707178, Description=Calculate Client Security Hash, Type=WI5, Status=Open, Date=2017-08-13, ClientID=PW19167, ClientName=Lavinia Froehlich, ClientCountry=Romania"
2026-08-17 03:27:49.683,Info,robo1-unattended,Performer,DESKTOP-BU4TF7U,DESKTOP-BU4TF7U\ahmed,Processing Transaction Number: 10
2026-08-17 03:27:49.684,Info,robo1-unattended,Performer,DESKTOP-BU4TF7U,DESKTOP-BU4TF7U\ahmed,Started Process
2026-08-17 03:27:58.203,Info,robo1-unattended,Performer,DESKTOP-BU4TF7U,DESKTOP-BU4TF7U\ahmed,Transaction Ended
2026-08-17 03:27:58.203,Info,robo1-unattended,Performer,DESKTOP-BU4TF7U,DESKTOP-BU4TF7U\ahmed,Transaction Successful.
2026-08-17 03:27:58.204,Info,robo1-unattended,Performer,DESKTOP-BU4TF7U,DESKTOP-BU4TF7U\ahmed,Get the transaction item
2026-08-17 03:27:58.367,Info,robo1-unattended,Performer,DESKTOP-BU4TF7U,DESKTOP-BU4TF7U\ahmed,No Transaction Data
2026-08-17 03:27:58.368,Warning,robo1-unattended,Performer,DESKTOP-BU4TF7U,DESKTOP-BU4TF7U\ahmed,Could not retrieve transaction item. Exception message: Object reference not set to an instance of an object.
2026-08-17 03:28:03.559,Info,robo1-unattended,Performer,DESKTOP-BU4TF7U,DESKTOP-BU4TF7U\ahmed,No Transaction Data
2026-08-17 03:28:03.559,Warning,robo1-unattended,Performer,DESKTOP-BU4TF7U,DESKTOP-BU4TF7U\ahmed,Could not retrieve transaction item. Exception message: Object reference not set to an instance of an object.
2026-08-17 03:28:03.578,Error,robo1-unattended,Performer,DESKTOP-BU4TF7U,DESKTOP-BU4TF7U\ahmed,"Retry Get transaction item: Object reference not set to an instance of an object.
in Framework\GetTransactionData.xaml
    at Throw ""Retry Get transaction item""
    at If ""If""
    at If ""If""
    at Sequence ""Sequence""
    at TryCatch ""TryCatch""
    at While ""While""
    at Sequence ""Sequence""
    at RetryScope ""Retry Get transaction item""
    at Sequence ""Get Transaction Data""
    at GetTransactionData ""GetTransactionData""

--- .NET stack trace ---
System.NullReferenceException
   at System.Activities.Statements.Throw.Execute(CodeActivityContext context)
   at System.Activities.CodeActivity.InternalExecute(ActivityInstance instance, ActivityExecutor executor, BookmarkManager bookmarkManager)
   at System.Activities.Runtime.ActivityExecutor.ExecuteActivityWorkItem.ExecuteBody(ActivityExecutor executor, BookmarkManager bookmarkManager, Location resultLocation)"
2026-08-17 03:28:03.581,Fatal,robo1-unattended,Performer,DESKTOP-BU4TF7U,DESKTOP-BU4TF7U\ahmed,Error getting transaction data for Transaction Number: 11. Object reference not set to an instance of an object. at Source: Retry Get transaction item
2026-08-17 03:28:03.582,Info,robo1-unattended,Performer,DESKTOP-BU4TF7U,DESKTOP-BU4TF7U\ahmed,Process finished due to no more transaction data
2026-08-17 03:28:03.936,Info,robo1-unattended,Performer,DESKTOP-BU4TF7U,DESKTOP-BU4TF7U\ahmed,Performer execution ended
